START TRANSACTION;

--
-- Database: `toppan_library`
--

--
-- Dumping data for table `authors`
--

INSERT INTO public.authors (id,name,created_at,updated_at) VALUES
(1,'John','2023-04-05 23:08:59.478519','2023-04-05 23:08:59.478519'),
(2,'Mike','2023-04-05 23:08:59.478519','2023-04-05 23:08:59.478519'),
(3,'Bos','2023-04-05 23:08:59.478519','2023-04-05 23:08:59.478519'),
(4,'Joker','2023-04-05 23:08:59.478519','2023-04-05 23:08:59.478519'),
(5,'Vin','2023-04-05 23:08:59.478519','2023-04-05 23:08:59.478519'),
(6,'Diesel','2023-04-05 23:08:59.478519','2023-04-05 23:08:59.478519');


--
-- Dumping data for table `books`
--

INSERT INTO public.books (id,name,created_at,updated_at) VALUES
(1,'React','2023-04-05 23:08:59.478519','2023-04-05 23:08:59.478519'),
(2,'Angular','2023-04-05 23:08:59.478519','2023-04-05 23:08:59.478519'),
(3,'C#','2023-04-05 23:08:59.478519','2023-04-05 23:08:59.478519'),
(4,'Java','2023-04-05 23:08:59.478519','2023-04-05 23:08:59.478519'),
(5,'Vue','2023-04-05 23:08:59.478519','2023-04-05 23:08:59.478519'),
(6,'Golang','2023-04-05 23:08:59.478519','2023-04-05 23:08:59.478519'),
(7,'Email','2023-04-05 23:08:59.478519','2023-04-05 23:08:59.478519'),
(8,'Outlook','2023-04-05 23:08:59.478519','2023-04-05 23:08:59.478519'),
(9,'Outsystem','2023-04-05 23:08:59.478519','2023-04-05 23:08:59.478519'),
(10,'Power Platform','2023-04-05 23:08:59.478519','2023-04-05 23:08:59.478519'),
(11,'Nodejs','2023-04-05 23:08:59.478519','2023-04-05 23:08:59.478519');

--
-- Dumping data for table `people`
--

INSERT INTO public.people (id,name,created_at,updated_at,country_id) VALUES
(1,'Renter1_SG','2023-04-05 23:08:59.478519','2023-04-05 23:08:59.478519',1),
(2,'Renter2_SG','2023-04-05 23:08:59.478519','2023-04-05 23:08:59.478519',1),
(3,'Renter3_SG','2023-04-05 23:08:59.478519','2023-04-05 23:08:59.478519',1),
(4,'Renter1_US','2023-04-05 23:08:59.478519','2023-04-05 23:08:59.478519',2),
(5,'Renter2_US','2023-04-05 23:08:59.478519','2023-04-05 23:08:59.478519',2),
(6,'Renter3_US','2023-04-05 23:08:59.478519','2023-04-05 23:08:59.478519',2),
(7,'Renter1_GB','2023-04-05 23:08:59.478519','2023-04-05 23:08:59.478519',3),
(8,'Renter2_GB','2023-04-05 23:08:59.478519','2023-04-05 23:08:59.478519',3),
(9,'Renter3_GB','2023-04-05 23:08:59.478519','2023-04-05 23:08:59.478519',3),
(10,'Renter1_KR','2023-04-05 23:08:59.478519','2023-04-05 23:08:59.478519',4),
(11,'Renter2_KR','2023-04-05 23:08:59.478519','2023-04-05 23:08:59.478519',4),
(12,'Renter3_KR','2023-04-05 23:08:59.478519','2023-04-05 23:08:59.478519',4);


--
-- Dumping data for table `author_books`
--

INSERT INTO public.author_books (author_id,book_id,created_at,updated_at) VALUES
(1, 1,'2023-04-05 23:08:59.478519','2023-04-05 23:08:59.478519'),
(2, 2,'2023-04-05 23:08:59.478519','2023-04-05 23:08:59.478519'),
(3, 3,'2023-04-05 23:08:59.478519','2023-04-05 23:08:59.478519'),
(4, 4,'2023-04-05 23:08:59.478519','2023-04-05 23:08:59.478519'),
(5, 5,'2023-04-05 23:08:59.478519','2023-04-05 23:08:59.478519'),
(6, 6,'2023-04-05 23:08:59.478519','2023-04-05 23:08:59.478519'),
(6, 7,'2023-04-05 23:08:59.478519','2023-04-05 23:08:59.478519'),
(5, 8,'2023-04-05 23:08:59.478519','2023-04-05 23:08:59.478519'),
(4, 9,'2023-04-05 23:08:59.478519','2023-04-05 23:08:59.478519'),
(3, 10,'2023-04-05 23:08:59.478519','2023-04-05 23:08:59.478519'),
(2, 11,'2023-04-05 23:08:59.478519','2023-04-05 23:08:59.478519');

--
-- Dumping data for table `book_rents`
--

INSERT INTO public.book_rents (person_id, book_id,created_at,updated_at,id) VALUES
(1, 1,'2023-04-05 23:08:59.478519','2023-04-05 23:08:59.478519',1),
(1, 1,'2023-04-05 23:08:59.478519','2023-04-05 23:08:59.478519',2),
(1, 1,'2023-04-05 23:08:59.478519','2023-04-05 23:08:59.478519',3),
(2, 1,'2023-04-05 23:08:59.478519','2023-04-05 23:08:59.478519',4),
(2, 1,'2023-04-05 23:08:59.478519','2023-04-05 23:08:59.478519',5),
(3, 1,'2023-04-05 23:08:59.478519','2023-04-05 23:08:59.478519',6),

(4, 2,'2023-04-05 23:08:59.478519','2023-04-05 23:08:59.478519',7),
(4, 2,'2023-04-05 23:08:59.478519','2023-04-05 23:08:59.478519',8),
(4, 2,'2023-04-05 23:08:59.478519','2023-04-05 23:08:59.478519',9),
(5, 2,'2023-04-05 23:08:59.478519','2023-04-05 23:08:59.478519',10),
(5, 2,'2023-04-05 23:08:59.478519','2023-04-05 23:08:59.478519',11),
(6, 2,'2023-04-05 23:08:59.478519','2023-04-05 23:08:59.478519',12),

(7, 3,'2023-04-05 23:08:59.478519','2023-04-05 23:08:59.478519',13),
(7, 3,'2023-04-05 23:08:59.478519','2023-04-05 23:08:59.478519',14),
(7, 3,'2023-04-05 23:08:59.478519','2023-04-05 23:08:59.478519',15),
(8, 3,'2023-04-05 23:08:59.478519','2023-04-05 23:08:59.478519',16),
(8, 3,'2023-04-05 23:08:59.478519','2023-04-05 23:08:59.478519',17),
(9, 3,'2023-04-05 23:08:59.478519','2023-04-05 23:08:59.478519',18),

(10, 4,'2023-04-05 23:08:59.478519','2023-04-05 23:08:59.478519',19),
(10, 4,'2023-04-05 23:08:59.478519','2023-04-05 23:08:59.478519',20),
(10, 4,'2023-04-05 23:08:59.478519','2023-04-05 23:08:59.478519',21),
(11, 4,'2023-04-05 23:08:59.478519','2023-04-05 23:08:59.478519',22),
(11, 4,'2023-04-05 23:08:59.478519','2023-04-05 23:08:59.478519',23),
(12, 4,'2023-04-05 23:08:59.478519','2023-04-05 23:08:59.478519',24),

(3, 5,'2023-04-05 23:08:59.478519','2023-04-05 23:08:59.478519',25),
(3, 5,'2023-04-05 23:08:59.478519','2023-04-05 23:08:59.478519',26),
(3, 5,'2023-04-05 23:08:59.478519','2023-04-05 23:08:59.478519',27),
(3, 5,'2023-04-05 23:08:59.478519','2023-04-05 23:08:59.478519',28),
(2, 5,'2023-04-05 23:08:59.478519','2023-04-05 23:08:59.478519',29),
(2, 5,'2023-04-05 23:08:59.478519','2023-04-05 23:08:59.478519',30),
(1, 5,'2023-04-05 23:08:59.478519','2023-04-05 23:08:59.478519',31),


(6, 5,'2023-04-05 23:08:59.478519','2023-04-05 23:08:59.478519',33),
(6, 5,'2023-04-05 23:08:59.478519','2023-04-05 23:08:59.478519',34),
(6, 5,'2023-04-05 23:08:59.478519','2023-04-05 23:08:59.478519',35),
(6, 5,'2023-04-05 23:08:59.478519','2023-04-05 23:08:59.478519',36),
(5, 5,'2023-04-05 23:08:59.478519','2023-04-05 23:08:59.478519',37),
(5, 5,'2023-04-05 23:08:59.478519','2023-04-05 23:08:59.478519',38),
(4, 5,'2023-04-05 23:08:59.478519','2023-04-05 23:08:59.478519',39),

(6, 6,'2023-04-05 23:08:59.478519','2023-04-05 23:08:59.478519',40),
(6, 6,'2023-04-05 23:08:59.478519','2023-04-05 23:08:59.478519',41),
(6, 6,'2023-04-05 23:08:59.478519','2023-04-05 23:08:59.478519',42),
(6, 6,'2023-04-05 23:08:59.478519','2023-04-05 23:08:59.478519',43),
(5, 6,'2023-04-05 23:08:59.478519','2023-04-05 23:08:59.478519',44),
(5, 6,'2023-04-05 23:08:59.478519','2023-04-05 23:08:59.478519',45),
(5, 6,'2023-04-05 23:08:59.478519','2023-04-05 23:08:59.478519',46),
(4, 6,'2023-04-05 23:08:59.478519','2023-04-05 23:08:59.478519',47),

(3, 6,'2023-04-05 23:08:59.478519','2023-04-05 23:08:59.478519',48),
(3, 6,'2023-04-05 23:08:59.478519','2023-04-05 23:08:59.478519',49),
(3, 6,'2023-04-05 23:08:59.478519','2023-04-05 23:08:59.478519',50),
(3, 6,'2023-04-05 23:08:59.478519','2023-04-05 23:08:59.478519',51),
(2, 6,'2023-04-05 23:08:59.478519','2023-04-05 23:08:59.478519',52),
(2, 6,'2023-04-05 23:08:59.478519','2023-04-05 23:08:59.478519',53),
(2, 6,'2023-04-05 23:08:59.478519','2023-04-05 23:08:59.478519',54),
(1, 6,'2023-04-05 23:08:59.478519','2023-04-05 23:08:59.478519',55);

COMMIT;
